<?xml version="1.0" encoding="utf-8" standalone="yes"?>
<rss version="2.0" xmlns:atom="http://www.w3.org/2005/Atom">
  <channel>
    <title>Play Crazy Pachinko Online in Canada | Top Live Gambling Experience on Crazy Pachinko</title>
    <link>https://crazypachinkolive.org/cookie-policy/</link>
    <description>Recent content in Play Crazy Pachinko Online in Canada | Top Live Gambling Experience on Crazy Pachinko</description>
    <generator>Hugo</generator>
    <language>en</language>
    <lastBuildDate></lastBuildDate>
    <atom:link href="https://crazypachinkolive.org/cookie-policy/index.xml" rel="self" type="application/rss+xml" />
  </channel>
</rss>
